78
0
"Batman Univ, Dept Geol Engn, Batman, Turkey"
1
"Cumhuriyet Univ, Dept Geol Engn, Sivas, Turkey"
2
"Pamukkale Univ, Dept Geol Engn, Denizli, Turkey"
3
"Middle E Tech Univ, Dept Geol Engn, TR-06531 Ankara, Turkey"
4
"Univ Shahrood, Fac Earth Sci, Dept Petr & Econ Geol, Shahrood, Iran"
5
"Univ Shahrood, Fac Earth Sci, Dept Petr & Econ Geol, Shahrood, Iran"
6
"Univ Calif Santa Cruz, Dept Earth & Planetary Sci, Santa Cruz, CA 95064 USA"
7
"Univ Calif Santa Cruz, Dept Earth & Planetary Sci, Santa Cruz, CA 95064 USA"
8
"Oregon State Univ, Coll Earth Ocean & Atmospher Sci, Corvallis, OR 97331 USA"
9
"Chengdu Univ Technol, Coll Earth Sci, Chengdu 610059, Peoples R China"
10
"Chengdu Univ Technol, Coll Earth Sci, Chengdu 610059, Peoples R China"
11
"Chengdu Univ Technol, Coll Earth Sci, Chengdu 610059, Peoples R China"
12
"Chengdu Univ Technol, Coll Earth Sci, Chengdu 610059, Peoples R China"
13
"Chengdu Univ Technol, Coll Earth Sci, Chengdu 610059, Peoples R China"
14
"China Univ Geosci, Beijing, Peoples R China"
15
"Dev Res Ctr China Geol Survey, Beijing, Peoples R China"
16
"China Univ Geosci, Beijing, Peoples R China"
17
"Chinese Acad Geol Sci, Inst Mineral Resources, Beijing, Peoples R China"
18
"Chinese Acad Geol Sci, Inst Mineral Resources, Beijing, Peoples R China"
19
"Chinese Acad Sci, Inst Tibetan Plateau Res, Key Lab Continental Collis & Plateau Uplift, Beijing 100085, Peoples R China"
20
"Chinese Acad Sci, Inst Geol & Geophys, State Key Lab Lithospher Evolut, Beijing 100029, Peoples R China"
21
"Chinese Acad Sci, Inst Geol & Geophys, State Key Lab Lithospher Evolut, Beijing 100029, Peoples R China"
22
"Korea Basic Sci Inst, Div Earth & Environm Sci, Cheongwon Gun 363883, Chungbuk, South Korea"
23
"Korea Univ Sci & Technol, Dept Isotope Geochem, Taejon 305350, South Korea"
24
"Korea Basic Sci Inst, Div Earth & Environm Sci, Cheongwon Gun 363883, Chungbuk, South Korea"
25
"Korea Univ Sci & Technol, Dept Isotope Geochem, Taejon 305350, South Korea"
26
"Seoul Natl Univ, Sch Earth & Environm Sci, Seoul 151742, South Korea"
27
"Chungnam Natl Univ, Dept Geol & Earth Environm Sci, Taejon 305764, South Korea"
28
"Tianjin Inst Geol & Mineral Resources, Tianjin 300170, Peoples R China"
29
"Tianjin Inst Geol & Mineral Resources, Tianjin 300170, Peoples R China"
30
"Univ Granada, Dept Geodinam, E-18071 Granada, Spain"
31
"Univ Granada, Dept Geodinam, E-18071 Granada, Spain"
32
"UGR, CSIC, Inst Andaluz Ciencias Tierra, Granada 18071, Spain"
33
"Univ Granada, Dept Geodinam, E-18071 Granada, Spain"
34
"Univ Granada, Dept Geodinam, E-18071 Granada, Spain"
35
"UGR, CSIC, Inst Andaluz Ciencias Tierra, Granada 18071, Spain"
36
"UGR, CSIC, Inst Andaluz Ciencias Tierra, Granada 18071, Spain"
37
"Chengdu Inst Geol & Mineral Resources, Chengdu 610081, Peoples R China"
38
"Minist Land & Resources, Key Lab Sedimentary Basin &amp; Oil &amp; Gas Resources, Chengdu 610081, Peoples R China"
39
"Chengdu Inst Geol & Mineral Resources, Chengdu 610081, Peoples R China"
40
"Minist Land & Resources, Key Lab Sedimentary Basin &amp; Oil &amp; Gas Resources, Chengdu 610081, Peoples R China"
41
"Chengdu Inst Geol & Mineral Resources, Chengdu 610081, Peoples R China"
42
"Minist Land & Resources, Key Lab Sedimentary Basin &amp; Oil &amp; Gas Resources, Chengdu 610081, Peoples R China"
43
"Chengdu Inst Geol & Mineral Resources, Chengdu 610081, Peoples R China"
44
"Chengdu Inst Geol & Mineral Resources, Chengdu 610081, Peoples R China"
45
"Chengdu Inst Geol & Mineral Resources, Chengdu 610081, Peoples R China"
46
"Chengdu Inst Geol & Mineral Resources, Chengdu 610081, Peoples R China"
47
"Univ Calabria, Dipartimento Biol Ecol & Sci Terra, I-87036 Arcavacata Di Rende, CS, Italy"
48
"Univ Calabria, Dipartimento Biol Ecol & Sci Terra, I-87036 Arcavacata Di Rende, CS, Italy"
49
"Univ Calabria, Dipartimento Biol Ecol & Sci Terra, I-87036 Arcavacata Di Rende, CS, Italy"
50
"China Univ Geosci, Sch Earth Sci & Resources, Beijing 100083, Peoples R China"
51
"China Univ Geosci, Sch Earth Sci & Resources, Beijing 100083, Peoples R China"
52
"China Univ Geosci, Sch Earth Sci & Resources, Beijing 100083, Peoples R China"
53
"China Univ Geosci, Sch Earth Sci & Resources, Beijing 100083, Peoples R China"
54
"China Univ Geosci, Sch Earth Sci & Resources, Beijing 100083, Peoples R China"
55
"China Univ Geosci, Sch Earth Sci & Resources, Beijing 100083, Peoples R China"
56
"China Univ Geosci, Sch Earth Sci & Resources, Beijing 100083, Peoples R China"
57
"China Earthquake Adm, Inst Crustal Dynam, Beijing 100085, Peoples R China"
58
"Univ Estadual Paulista UNESP IGCE, Programa Posgrad Geociencias & Meio Ambiente, BR-13506900 Rio Claro, SP, Brazil"
59
"Univ Estadual Paulista UNESP IGCE, Programa Posgrad Geociencias & Meio Ambiente, BR-13506900 Rio Claro, SP, Brazil"
60
"Univ Vermont, Dept Geol, Burlington, VT 05405 USA"
61
"Univ Vermont, Rubenstein Sch Environm & Nat Resources, Burlington, VT 05405 USA"
62
"Univ Estadual Paulista UNESP IGCE, Dept Geol Aplicada, BR-13506900 Rio Claro, SP, Brazil"
63
"Univ London Imperial Coll Sci Technol & Med, Dept Earth Sci &amp; Engn, London SW7 2AZ, England"
64
"Scottish Univ Environm Res Ctr, E Kilbride G75 0QF, Lanark, Scotland"
65
"Univ Fed Mato Grosso Sul UFMS, BR-79304020 Corumba, MS, Brazil"
66
"Univ Aegean, Mitilini 81100, Greece"
67
"Natl Observ Athens, Inst Geodynam, Athens 11810, Greece"
68
"Natl Observ Athens, Inst Geodynam, Athens 11810, Greece"
69
"G dAnnunzio Univ Chieti Pescara, Dept Engn & Geol, CeRS GEO, Chieti, Italy"
70
"G dAnnunzio Univ Chieti Pescara, Dept Engn & Geol, CeRS GEO, Chieti, Italy"
71
"Univ Pavia, Dept Earth & Environm Sci, I-27100 Pavia, Italy"
72
"Univ Hong Kong, Dept Earth Sci, Hong Kong, Hong Kong, Peoples R China"
73
"Nanjing Univ, Sch Earth Sci & Engn, Nanjing 210093, Jiangsu, Peoples R China"
74
"SINOPEC, Wuxi Res Inst Petr Geol, Wuxi 214126, Jiangsu, Peoples R China"
75
"Nanjing Univ, Sch Earth Sci & Engn, Nanjing 210093, Jiangsu, Peoples R China"
76
"Minist Land & Resource, Key Lab Paleomagnetism &amp; Tecton Reconstruct, Beijing 100081, Peoples R China"
77
"Chinese Acad Geol Sci, Inst Geomech, Beijing, Peoples R China"

++++++++++++++++++++++++++++++++++++++++++++
"Batman Univ, Dept Geol Engn, Batman, Turkey"
[ { bounds: { northeast: [Object], southwest: [Object] },
    location: { lat: 37.881168, lng: 41.13509 },
    location_type: 'APPROXIMATE',
    viewport: { northeast: [Object], southwest: [Object] } },
  { bounds: { northeast: [Object], southwest: [Object] },
    location: { lat: 39.0949725, lng: 39.5519435 },
    location_type: 'APPROXIMATE',
    viewport: { northeast: [Object], southwest: [Object] } } ]
[ [ { long_name: 'Batman', short_name: 'Batman', types: [Object] },
    { long_name: 'Batman', short_name: 'Batman', types: [Object] },
    { long_name: 'Batman Province',
      short_name: 'Batman Province',
      types: [Object] },
    { long_name: 'Turkey', short_name: 'TR', types: [Object] } ],
  [ { long_name: 'Batman', short_name: 'Batman', types: [Object] },
    { long_name: 'Tunceli', short_name: 'Tunceli', types: [Object] },
    { long_name: 'Tunceli', short_name: 'Tunceli', types: [Object] },
    { long_name: 'Turkey', short_name: 'TR', types: [Object] } ] ]
